<?xml version="1.0" encoding="UTF-8" standalone="no"?>
<licenseSummary>
  <dependencies>
    <dependency>
      <groupId>ch.randelshofer</groupId>
      <artifactId>fastdoubleparser</artifactId>
      <version>2.0.1</version>
      <licenses>
        <license>
          <name>MIT License</name>
          <url>https://github.com/wrandelshofer/FastDoubleParser/blob/9a3ccae38254c9bf84b5e6a218a47675bf80ed9f/LICENSE</url>
          <distribution>repo</distribution>
          <file>mit license - license.html</file>
        </license>
      </licenses>
    </dependency>
    <dependency>
      <groupId>com.github.luben</groupId>
      <artifactId>zstd-jni</artifactId>
      <version>1.5.7-6</version>
      <licenses>
        <license>
          <name>BSD 2-Clause License</name>
          <url>https://opensource.org/licenses/BSD-2-Clause</url>
          <distribution>repo</distribution>
          <file>bsd 2-clause license - bsd-2-clause.html</file>
        </license>
      </licenses>
    </dependency>
    <dependency>
      <groupId>com.google.code.findbugs</groupId>
      <artifactId>jsr305</artifactId>
      <version>3.0.2</version>
      <licenses>
        <license>
          <name>The Apache Software License, Version 2.0</name>
          <url>http://www.apache.org/licenses/LICENSE-2.0.txt</url>
          <distribution>repo</distribution>
          <file>the apache software license, version 2.0 - license-2.0.txt</file>
        </license>
      </licenses>
    </dependency>
    <dependency>
      <groupId>com.google.code.gson</groupId>
      <artifactId>gson</artifactId>
      <version>2.13.2</version>
      <licenses>
        <license>
          <name>Apache-2.0</name>
          <url>https://www.apache.org/licenses/LICENSE-2.0.txt</url>
          <file>apache-2.0 - license-2.0.txt</file>
        </license>
      </licenses>
    </dependency>
    <dependency>
      <groupId>com.google.crypto.tink</groupId>
      <artifactId>tink</artifactId>
      <version>1.20.0</version>
      <licenses>
        <license>
          <name>Apache License, Version 2.0</name>
          <url>http://www.apache.org/licenses/LICENSE-2.0.txt</url>
          <distribution>repo</distribution>
          <file>the apache software license, version 2.0 - license-2.0.txt</file>
        </license>
      </licenses>
    </dependency>
    <dependency>
      <groupId>com.google.errorprone</groupId>
      <artifactId>error_prone_annotations</artifactId>
      <version>2.41.0</version>
      <licenses>
        <license>
          <name>Apache 2.0</name>
          <url>http://www.apache.org/licenses/LICENSE-2.0.txt</url>
          <file>the apache software license, version 2.0 - license-2.0.txt</file>
        </license>
      </licenses>
    </dependency>
    <dependency>
      <groupId>com.google.flogger</groupId>
      <artifactId>flogger</artifactId>
      <version>0.6</version>
      <licenses>
        <license>
          <name>Apache 2.0</name>
          <url>https://www.apache.org/licenses/LICENSE-2.0.txt</url>
          <file>apache-2.0 - license-2.0.txt</file>
        </license>
      </licenses>
    </dependency>
    <dependency>
      <groupId>com.google.flogger</groupId>
      <artifactId>flogger-system-backend</artifactId>
      <version>0.6</version>
      <licenses>
        <license>
          <name>Apache 2.0</name>
          <url>https://www.apache.org/licenses/LICENSE-2.0.txt</url>
          <file>apache-2.0 - license-2.0.txt</file>
        </license>
      </licenses>
    </dependency>
    <dependency>
      <groupId>com.google.protobuf</groupId>
      <artifactId>protobuf-java</artifactId>
      <version>4.33.0</version>
      <licenses>
        <license>
          <name>BSD-3-Clause</name>
          <url>https://opensource.org/licenses/BSD-3-Clause</url>
          <distribution>repo</distribution>
          <file>bsd-3-clause - bsd-3-clause.html</file>
        </license>
      </licenses>
    </dependency>
    <dependency>
      <groupId>com.hypixel</groupId>
      <artifactId>ConcurrentFastUtil</artifactId>
      <version>1.2-SNAPSHOT</version>
      <licenses>
        <!-- No license information available. -->
      </licenses>
    </dependency>
    <dependency>
      <groupId>com.nimbusds</groupId>
      <artifactId>nimbus-jose-jwt</artifactId>
      <version>10.6</version>
      <licenses>
        <license>
          <name>The Apache Software License, Version 2.0</name>
          <url>https://www.apache.org/licenses/LICENSE-2.0.txt</url>
          <distribution>repo</distribution>
          <file>apache-2.0 - license-2.0.txt</file>
        </license>
      </licenses>
    </dependency>
    <dependency>
      <groupId>io.netty</groupId>
      <artifactId>netty-buffer</artifactId>
      <version>4.2.9.Final</version>
      <licenses>
        <license>
          <name>Apache License, Version 2.0</name>
          <url>https://www.apache.org/licenses/LICENSE-2.0</url>
          <file>apache license, version 2.0 - license-2.0.txt</file>
        </license>
      </licenses>
    </dependency>
    <dependency>
      <groupId>io.netty</groupId>
      <artifactId>netty-codec</artifactId>
      <version>4.2.9.Final</version>
      <licenses>
        <license>
          <name>Apache License, Version 2.0</name>
          <url>https://www.apache.org/licenses/LICENSE-2.0</url>
          <file>apache license, version 2.0 - license-2.0.txt</file>
        </license>
      </licenses>
    </dependency>
    <dependency>
      <groupId>io.netty</groupId>
      <artifactId>netty-codec-base</artifactId>
      <version>4.2.9.Final</version>
      <licenses>
        <license>
          <name>Apache License, Version 2.0</name>
          <url>https://www.apache.org/licenses/LICENSE-2.0</url>
          <file>apache license, version 2.0 - license-2.0.txt</file>
        </license>
      </licenses>
    </dependency>
    <dependency>
      <groupId>io.netty</groupId>
      <artifactId>netty-codec-classes-quic</artifactId>
      <version>4.2.9.Final</version>
      <licenses>
        <license>
          <name>Apache License, Version 2.0</name>
          <url>https://www.apache.org/licenses/LICENSE-2.0</url>
          <file>apache license, version 2.0 - license-2.0.txt</file>
        </license>
      </licenses>
    </dependency>
    <dependency>
      <groupId>io.netty</groupId>
      <artifactId>netty-codec-compression</artifactId>
      <version>4.2.9.Final</version>
      <licenses>
        <license>
          <name>Apache License, Version 2.0</name>
          <url>https://www.apache.org/licenses/LICENSE-2.0</url>
          <file>apache license, version 2.0 - license-2.0.txt</file>
        </license>
      </licenses>
    </dependency>
    <dependency>
      <groupId>io.netty</groupId>
      <artifactId>netty-codec-http</artifactId>
      <version>4.2.9.Final</version>
      <licenses>
        <license>
          <name>Apache License, Version 2.0</name>
          <url>https://www.apache.org/licenses/LICENSE-2.0</url>
          <file>apache license, version 2.0 - license-2.0.txt</file>
        </license>
      </licenses>
    </dependency>
    <dependency>
      <groupId>io.netty</groupId>
      <artifactId>netty-codec-http3</artifactId>
      <version>4.2.9.Final</version>
      <licenses>
        <license>
          <name>Apache License, Version 2.0</name>
          <url>https://www.apache.org/licenses/LICENSE-2.0</url>
          <file>apache license, version 2.0 - license-2.0.txt</file>
        </license>
      </licenses>
    </dependency>
    <dependency>
      <groupId>io.netty</groupId>
      <artifactId>netty-codec-marshalling</artifactId>
      <version>4.2.9.Final</version>
      <licenses>
        <license>
          <name>Apache License, Version 2.0</name>
          <url>https://www.apache.org/licenses/LICENSE-2.0</url>
          <file>apache license, version 2.0 - license-2.0.txt</file>
        </license>
      </licenses>
    </dependency>
    <dependency>
      <groupId>io.netty</groupId>
      <artifactId>netty-codec-native-quic</artifactId>
      <version>4.2.9.Final</version>
      <licenses>
        <license>
          <name>Apache License, Version 2.0</name>
          <url>https://www.apache.org/licenses/LICENSE-2.0</url>
          <file>apache license, version 2.0 - license-2.0.txt</file>
        </license>
      </licenses>
    </dependency>
    <dependency>
      <groupId>io.netty</groupId>
      <artifactId>netty-codec-protobuf</artifactId>
      <version>4.2.9.Final</version>
      <licenses>
        <license>
          <name>Apache License, Version 2.0</name>
          <url>https://www.apache.org/licenses/LICENSE-2.0</url>
          <file>apache license, version 2.0 - license-2.0.txt</file>
        </license>
      </licenses>
    </dependency>
    <dependency>
      <groupId>io.netty</groupId>
      <artifactId>netty-common</artifactId>
      <version>4.2.9.Final</version>
      <licenses>
        <license>
          <name>Apache License, Version 2.0</name>
          <url>https://www.apache.org/licenses/LICENSE-2.0</url>
          <file>apache license, version 2.0 - license-2.0.txt</file>
        </license>
      </licenses>
    </dependency>
    <dependency>
      <groupId>io.netty</groupId>
      <artifactId>netty-handler</artifactId>
      <version>4.2.9.Final</version>
      <licenses>
        <license>
          <name>Apache License, Version 2.0</name>
          <url>https://www.apache.org/licenses/LICENSE-2.0</url>
          <file>apache license, version 2.0 - license-2.0.txt</file>
        </license>
      </licenses>
    </dependency>
    <dependency>
      <groupId>io.netty</groupId>
      <artifactId>netty-resolver</artifactId>
      <version>4.2.9.Final</version>
      <licenses>
        <license>
          <name>Apache License, Version 2.0</name>
          <url>https://www.apache.org/licenses/LICENSE-2.0</url>
          <file>apache license, version 2.0 - license-2.0.txt</file>
        </license>
      </licenses>
    </dependency>
    <dependency>
      <groupId>io.netty</groupId>
      <artifactId>netty-transport</artifactId>
      <version>4.2.9.Final</version>
      <licenses>
        <license>
          <name>Apache License, Version 2.0</name>
          <url>https://www.apache.org/licenses/LICENSE-2.0</url>
          <file>apache license, version 2.0 - license-2.0.txt</file>
        </license>
      </licenses>
    </dependency>
    <dependency>
      <groupId>io.netty</groupId>
      <artifactId>netty-transport-classes-epoll</artifactId>
      <version>4.2.9.Final</version>
      <licenses>
        <license>
          <name>Apache License, Version 2.0</name>
          <url>https://www.apache.org/licenses/LICENSE-2.0</url>
          <file>apache license, version 2.0 - license-2.0.txt</file>
        </license>
      </licenses>
    </dependency>
    <dependency>
      <groupId>io.netty</groupId>
      <artifactId>netty-transport-classes-kqueue</artifactId>
      <version>4.2.9.Final</version>
      <licenses>
        <license>
          <name>Apache License, Version 2.0</name>
          <url>https://www.apache.org/licenses/LICENSE-2.0</url>
          <file>apache license, version 2.0 - license-2.0.txt</file>
        </license>
      </licenses>
    </dependency>
    <dependency>
      <groupId>io.netty</groupId>
      <artifactId>netty-transport-native-epoll</artifactId>
      <version>4.2.9.Final</version>
      <licenses>
        <license>
          <name>Apache License, Version 2.0</name>
          <url>https://www.apache.org/licenses/LICENSE-2.0</url>
          <file>apache license, version 2.0 - license-2.0.txt</file>
        </license>
      </licenses>
    </dependency>
    <dependency>
      <groupId>io.netty</groupId>
      <artifactId>netty-transport-native-kqueue</artifactId>
      <version>4.2.9.Final</version>
      <licenses>
        <license>
          <name>Apache License, Version 2.0</name>
          <url>https://www.apache.org/licenses/LICENSE-2.0</url>
          <file>apache license, version 2.0 - license-2.0.txt</file>
        </license>
      </licenses>
    </dependency>
    <dependency>
      <groupId>io.netty</groupId>
      <artifactId>netty-transport-native-unix-common</artifactId>
      <version>4.2.9.Final</version>
      <licenses>
        <license>
          <name>Apache License, Version 2.0</name>
          <url>https://www.apache.org/licenses/LICENSE-2.0</url>
          <file>apache license, version 2.0 - license-2.0.txt</file>
        </license>
      </licenses>
    </dependency>
    <dependency>
      <groupId>io.sentry</groupId>
      <artifactId>sentry</artifactId>
      <version>8.29.0</version>
      <licenses>
        <license>
          <name>MIT</name>
          <url>http://www.opensource.org/licenses/mit-license.php</url>
          <file>mit - mit-license.html</file>
        </license>
      </licenses>
    </dependency>
    <dependency>
      <groupId>it.unimi.dsi</groupId>
      <artifactId>fastutil</artifactId>
      <version>8.5.12</version>
      <licenses>
        <license>
          <name>Apache License, Version 2.0</name>
          <url>http://www.apache.org/licenses/LICENSE-2.0.html</url>
          <distribution>repo</distribution>
          <file>apache license, version 2.0 - license-2.0.html</file>
        </license>
      </licenses>
    </dependency>
    <dependency>
      <groupId>net.sf.jopt-simple</groupId>
      <artifactId>jopt-simple</artifactId>
      <version>5.0.4</version>
      <licenses>
        <license>
          <name>The MIT License</name>
          <url>http://www.opensource.org/licenses/mit-license.php</url>
          <distribution>repo</distribution>
          <file>mit - mit-license.html</file>
        </license>
      </licenses>
    </dependency>
    <dependency>
      <groupId>org.bouncycastle</groupId>
      <artifactId>bcpkix-jdk18on</artifactId>
      <version>1.83</version>
      <licenses>
        <license>
          <name>Bouncy Castle Licence</name>
          <url>https://www.bouncycastle.org/licence.html</url>
          <distribution>repo</distribution>
          <file>bouncy castle licence - licence.html</file>
        </license>
      </licenses>
    </dependency>
    <dependency>
      <groupId>org.bouncycastle</groupId>
      <artifactId>bcprov-jdk18on</artifactId>
      <version>1.83</version>
      <licenses>
        <license>
          <name>Bouncy Castle Licence</name>
          <url>https://www.bouncycastle.org/licence.html</url>
          <distribution>repo</distribution>
          <file>bouncy castle licence - licence.html</file>
        </license>
      </licenses>
    </dependency>
    <dependency>
      <groupId>org.bouncycastle</groupId>
      <artifactId>bcutil-jdk18on</artifactId>
      <version>1.83</version>
      <licenses>
        <license>
          <name>Bouncy Castle Licence</name>
          <url>https://www.bouncycastle.org/licence.html</url>
          <distribution>repo</distribution>
          <file>bouncy castle licence - licence.html</file>
        </license>
      </licenses>
    </dependency>
    <dependency>
      <groupId>org.checkerframework</groupId>
      <artifactId>checker-compat-qual</artifactId>
      <version>2.5.3</version>
      <licenses>
        <license>
          <name>GNU General Public License, version 2 (GPL2), with the classpath exception</name>
          <url>http://www.gnu.org/software/classpath/license.html</url>
          <distribution>repo</distribution>
        </license>
        <license>
          <name>The MIT License</name>
          <url>http://opensource.org/licenses/MIT</url>
          <distribution>repo</distribution>
          <file>the mit license - mit.html</file>
        </license>
      </licenses>
    </dependency>
    <dependency>
      <groupId>org.fusesource.jansi</groupId>
      <artifactId>jansi</artifactId>
      <version>2.4.2</version>
      <licenses>
        <license>
          <name>Apache License, Version 2.0</name>
          <url>http://www.apache.org/licenses/LICENSE-2.0.txt</url>
          <distribution>repo</distribution>
          <file>the apache software license, version 2.0 - license-2.0.txt</file>
        </license>
      </licenses>
    </dependency>
    <dependency>
      <groupId>org.jline</groupId>
      <artifactId>jline</artifactId>
      <version>3.30.6</version>
      <licenses>
        <license>
          <name>The BSD License</name>
          <url>https://opensource.org/licenses/BSD-3-Clause</url>
          <distribution>repo</distribution>
          <file>bsd-3-clause - bsd-3-clause.html</file>
        </license>
      </licenses>
    </dependency>
    <dependency>
      <groupId>org.mongodb</groupId>
      <artifactId>bson</artifactId>
      <version>4.2.3</version>
      <licenses>
        <license>
          <name>The Apache License, Version 2.0</name>
          <url>http://www.apache.org/licenses/LICENSE-2.0.txt</url>
          <file>the apache software license, version 2.0 - license-2.0.txt</file>
        </license>
      </licenses>
    </dependency>
  </dependencies>
</licenseSummary>
